{
    "push_ups": {
        "age": 17,
        "repetitions": 4
    },
    "curl_ups": {
        "age": 17,
        "repetitions": 10
    },
    "run_600m": {
        "age": 17,
        "total_time_ms": 2474.490451111971
    },
    "dash_50m": {
        "age": 17,
        "total_time_ms": 206.20753759266427
    }
}