{
    "push_ups": {
        "age": 17,
        "repetitions": 4
    },
    "curl_ups": {
        "age": 17,
        "repetitions": 10
    },
    "run_600m": {
        "age": 17,
        "total_time_ms": 2474.4908930958436
    },
    "dash_50m": {
        "age": 17,
        "total_time_ms": 206.20757442465364
    }
}